HDR-T,FSC-A,SSC-A,mKate/APC-A,GFP/FITC-A,file,Gates
432.30347,2215.4248,3012.0376,71.30595,-14.561266,RMM2018-10-10.0094.fcs,1
450.46854,394.84002999999996,2576.2637,25.941395,56.985831999999995,RMM2018-10-10.0094.fcs,1
499.4091,890.2279699999999,2188.9805,38.379505,1.1759562,RMM2018-10-10.0094.fcs,1
690.6861,992.31506,2032.8749,54.697193000000006,70.77794,RMM2018-10-10.0094.fcs,1
1479.7476,1131.7035,2853.1145,52.499446999999996,75.31478,RMM2018-10-10.0094.fcs,1
1740.3953,1466.4778,2501.7729999999997,23.261042,-38.165527000000004,RMM2018-10-10.0094.fcs,1
2761.3782,1640.374,2453.8720000000003,49.610195000000004,34.178127,RMM2018-10-10.0094.fcs,1
3027.6345,217.00926,2487.3884,15.377651,47.17621,RMM2018-10-10.0094.fcs,1
3261.4255,801.8329,3546.4683,-19.758587,-27.610258,RMM2018-10-10.0094.fcs,1
3391.1785,2047.5365,4090.5190000000002,40.4288,91.18021999999999,RMM2018-10-10.0094.fcs,1
3472.2249,113.14066000000001,5983.9707,4.765547799999999,49.22503,RMM2018-10-10.0094.fcs,1
4283.433,1739.7839,2009.4314,33.862778000000006,56.083588,RMM2018-10-10.0094.fcs,1
4413.4375,112.88996999999999,4300.7417,13.530026000000001,-32.70196,RMM2018-10-10.0094.fcs,1
4512.056,395.49658,3714.9485,26.14984,-0.17204499,RMM2018-10-10.0094.fcs,1
5700.56,2048.6765,2301.9792,6.0673294,81.21944,RMM2018-10-10.0094.fcs,1
6122.5723,1693.2561,2317.3813,42.409904,34.237465,RMM2018-10-10.0094.fcs,1
6516.630999999999,1736.2979,4074.9858,2.5747308999999996,102.55275999999999,RMM2018-10-10.0094.fcs,1
6797.1787,710.0379,5167.9,-44.189205,-44.232834000000004,RMM2018-10-10.0094.fcs,1
7669.0933,777.8796,2074.4243,-47.022,-1.9730406000000003,RMM2018-10-10.0094.fcs,1
7786.7119999999995,1242.0052,1984.5232,30.867546,17.92919,RMM2018-10-10.0094.fcs,1
8060.9946,1658.6013,2162.9353,15.081194,23.425116,RMM2018-10-10.0094.fcs,1
8485.496,108.72739399999999,2028.4586,35.150504999999995,-37.513042,RMM2018-10-10.0094.fcs,1
9421.587,798.04364,2373.6843,11.164306,13.222311,RMM2018-10-10.0094.fcs,1
9461.18,1974.0874,4675.491,47.0824,52.28134,RMM2018-10-10.0094.fcs,1
9463.291,288.0382,1996.1855,55.330932999999995,-3.7571602,RMM2018-10-10.0094.fcs,1
9469.457,467.48242,4133.9272,57.567333,28.869647999999998,RMM2018-10-10.0094.fcs,1
10298.184000000001,2785.421,4265.1025,28.789496999999997,53.475613,RMM2018-10-10.0094.fcs,1
11031.4375,517.0943,2529.6294,11.399682,51.743120000000005,RMM2018-10-10.0094.fcs,1
11243.378,1255.5063,2025.1006,32.779205,-76.837616,RMM2018-10-10.0094.fcs,1
11550.3955,1541.828,2975.2625,10.265688,39.614090000000004,RMM2018-10-10.0094.fcs,1
13695.913999999999,-24.539135,3796.2065,18.84068,37.091602,RMM2018-10-10.0094.fcs,1
13784.017,1304.844,2858.482,-2.2761056,60.640969999999996,RMM2018-10-10.0094.fcs,1
14240.094,999.0549,2257.3633,75.91627,23.827627,RMM2018-10-10.0094.fcs,1
15075.525,820.6721,2337.7974,46.199642,103.00887,RMM2018-10-10.0094.fcs,1
15414.53,1171.9783,3284.7427,54.054127,65.215965,RMM2018-10-10.0094.fcs,1
15575.527,1775.7125,3319.719,37.280094,37.149665999999996,RMM2018-10-10.0094.fcs,1
15722.079,2496.6394,3558.9036,42.115086,80.25075,RMM2018-10-10.0094.fcs,1
15966.854,735.9734,2079.2246,9.032194,37.029724,RMM2018-10-10.0094.fcs,1
16672.244,1026.6475,1973.0813,41.266586,28.397707,RMM2018-10-10.0094.fcs,1
16748.824,1599.7559,3178.2117,-0.46963869999999996,66.97674,RMM2018-10-10.0094.fcs,1
16967.623,102.21115,2954.7270000000003,42.25785,1.7288667000000002,RMM2018-10-10.0094.fcs,1
17219.75,581.5037,2975.2393,50.861000000000004,76.88856,RMM2018-10-10.0094.fcs,1
17622.436,536.27026,2866.1582,25.903763,44.29663,RMM2018-10-10.0094.fcs,1
18093.209,2018.4443,3064.3977,29.648220000000002,36.58696,RMM2018-10-10.0094.fcs,1
18522.933999999997,2754.9502,4999.771,22.741453,-11.517189,RMM2018-10-10.0094.fcs,1
18712.574,-11.834355,1963.1517,28.439166999999998,-20.150093,RMM2018-10-10.0094.fcs,1
18741.957,298.69763,2144.3823,-4.313836,58.413419999999995,RMM2018-10-10.0094.fcs,1
18828.611,1185.1696,3758.1252,55.88689,71.54742399999999,RMM2018-10-10.0094.fcs,1
19458.018,579.21497,1956.5481,-28.778383,-22.747555,RMM2018-10-10.0094.fcs,1
20874.973,399.6101,2249.062,51.286770000000004,-1.2070868000000001,RMM2018-10-10.0094.fcs,1
20880.932,328.4287,2424.0225,80.58094,-61.968123999999996,RMM2018-10-10.0094.fcs,1
21188.38,2542.3281,2050.2397,77.37303,80.80318,RMM2018-10-10.0094.fcs,1
21338.6,2606.444,2095.9854,49.333298,34.482143,RMM2018-10-10.0094.fcs,1
21442.412,14.603094,3860.7686,1.6347523000000002,86.68370999999999,RMM2018-10-10.0094.fcs,1
21822.207000000002,143.0246,5133.8125,-14.694931,110.41943,RMM2018-10-10.0094.fcs,1
21949.246,-1.4894133,2905.9456,-31.818857,-3.0127900000000003,RMM2018-10-10.0094.fcs,1
22579.541,1909.6791,3466.7712,18.678274,3.0097861,RMM2018-10-10.0094.fcs,1
23928.053,1854.5704,3200.9333,0.058476567,63.824380000000005,RMM2018-10-10.0094.fcs,1
24076.662,706.6692,3193.241,17.395508,6.891994500000001,RMM2018-10-10.0094.fcs,1
25125.417999999998,2057.708,2375.9185,69.96068000000001,58.35531999999999,RMM2018-10-10.0094.fcs,1
27645.808999999997,851.7607,3493.2437,60.744006999999996,47.25949,RMM2018-10-10.0094.fcs,1
28123.58,2750.6416,2072.0825,58.27601,103.99412,RMM2018-10-10.0094.fcs,1
30057.031000000003,1669.5538,4151.587,-18.077560000000002,-24.066067,RMM2018-10-10.0094.fcs,1
30138.762000000002,469.2371,1971.6527,9.304111,39.09839,RMM2018-10-10.0094.fcs,1
30798.016,1224.4551,2589.3520000000003,-32.938309999999994,121.75305,RMM2018-10-10.0094.fcs,1
30935.84,1460.0193,2294.4888,-2.6704192000000004,102.59391,RMM2018-10-10.0094.fcs,1
31280.267999999996,942.95905,2053.1606,34.800514,-25.968287,RMM2018-10-10.0094.fcs,1
31648.791,834.26855,2319.1233,64.81534599999999,23.44652,RMM2018-10-10.0094.fcs,1
31669.237999999998,1408.7109,2786.8709999999996,9.040801,22.334679,RMM2018-10-10.0094.fcs,1
31845.688,2150.1484,2397.5083,-1.3223234,72.76813,RMM2018-10-10.0094.fcs,1
31899.535,2651.252,4291.6179999999995,-1.6017498,38.031975,RMM2018-10-10.0094.fcs,1
32299.75,2573.6479999999997,6217.7373,-4.2653713,60.02609,RMM2018-10-10.0094.fcs,1
32455.857000000004,2335.8167,4091.4570000000003,41.70598,-27.198104999999998,RMM2018-10-10.0094.fcs,1
33926.805,1654.7526,1987.0848,-3.7515442,29.800627000000002,RMM2018-10-10.0094.fcs,1
34178.715,2707.2383,2229.629,20.20213,55.797090000000004,RMM2018-10-10.0094.fcs,1
34379.258,1237.0657,3464.486,-4.510233,59.167790000000004,RMM2018-10-10.0094.fcs,1
34871.945,1757.1570000000002,4104.318,-26.037107000000002,-8.413607,RMM2018-10-10.0094.fcs,1
34959.12,1031.8081,4056.8777,15.236845,103.13166,RMM2018-10-10.0094.fcs,1
37208.496,697.22833,2081.3682,2.8289845000000002,55.093394999999994,RMM2018-10-10.0094.fcs,1
37679.836,250.75246,3726.2986,13.773511,51.31158,RMM2018-10-10.0094.fcs,1
37960.664,11.321114999999999,2862.2344,-16.615278,41.632706,RMM2018-10-10.0094.fcs,1
37978.098,1605.5986,4895.785,16.657463,32.247543,RMM2018-10-10.0094.fcs,1
38118.81,269.7911,3968.5676,-14.898442999999999,28.107840999999997,RMM2018-10-10.0094.fcs,1
38464.566,1752.0029,2568.5525,-3.0769217,62.753322999999995,RMM2018-10-10.0094.fcs,1
40663.324,1989.3395,2160.4766,18.629171,-21.948828,RMM2018-10-10.0094.fcs,1
40784.637,177.97269,4290.208,40.727534999999996,52.948530000000005,RMM2018-10-10.0094.fcs,1
40941.883,905.94556,3428.3079,53.468967000000006,66.74554,RMM2018-10-10.0094.fcs,1
41016.496,2757.1167,5563.848000000001,24.131992,59.28525500000001,RMM2018-10-10.0094.fcs,1
41716.32,1866.1261,2174.5781,40.289455,25.876392000000003,RMM2018-10-10.0094.fcs,1
41890.89,1960.6958,4312.145,7.27999,5.8824472000000005,RMM2018-10-10.0094.fcs,1
42306.402,1927.3687,3015.77,13.485285000000001,62.684902,RMM2018-10-10.0094.fcs,1
42615.55,2204.5676,2711.4858,-38.319656,-46.22958,RMM2018-10-10.0094.fcs,1
43544.945,31.395770000000002,2762.6409999999996,25.209957,74.66185,RMM2018-10-10.0094.fcs,1
43729.695,1441.8395,2891.1956,12.112669,59.359966,RMM2018-10-10.0094.fcs,1
44424.24,1132.2938,2983.3289,4.4298934999999995,124.00498,RMM2018-10-10.0094.fcs,1
45008.49,877.4728,3181.4753,24.708786,49.697342,RMM2018-10-10.0094.fcs,1
45227.7,2656.2356,3479.6820000000002,8.305278999999999,81.68788,RMM2018-10-10.0094.fcs,1
45233.09,940.80786,2792.059,29.75372,15.908411,RMM2018-10-10.0094.fcs,1
45324.133,950.29315,2100.3360000000002,23.11198,-13.031633,RMM2018-10-10.0094.fcs,1
45939.695,1823.507,2499.8743,14.075478,3.389496,RMM2018-10-10.0094.fcs,1
46186.06,2341.4492,2266.0981,33.653729999999996,104.43034,RMM2018-10-10.0094.fcs,1
46186.168,1302.3441,4462.7056,41.140484,96.63684,RMM2018-10-10.0094.fcs,1
46974.918,600.54565,5439.557,24.149588,4.594668,RMM2018-10-10.0094.fcs,1
49946.293,1757.037,2358.8784,-5.9898214,14.640047000000001,RMM2018-10-10.0094.fcs,1
50242.594000000005,1881.7523,4484.845,-4.9108849999999995,44.340168,RMM2018-10-10.0094.fcs,1
50400.492,2019.9949,4543.0566,16.241297,130.5829,RMM2018-10-10.0094.fcs,1
50583.59,1900.194,3639.6802,32.199090000000005,123.40281,RMM2018-10-10.0094.fcs,1
50602.566,1439.1251,2241.6123,12.421469,16.05634,RMM2018-10-10.0094.fcs,1
51744.645,1403.5951,2560.075,17.463966,99.63383499999999,RMM2018-10-10.0094.fcs,1
51955.04,647.42377,2971.6667,9.369078,7.4662814,RMM2018-10-10.0094.fcs,1
52040.1,684.7029,2860.1592,55.58741800000001,78.55923,RMM2018-10-10.0094.fcs,1
52124.484000000004,21.701628,3187.5164,44.39051,7.475583599999999,RMM2018-10-10.0094.fcs,1
52144.39,1033.4791,2321.0627,67.21931500000001,107.09064,RMM2018-10-10.0094.fcs,1
52389.93,680.95605,2505.376,44.453087,76.51661,RMM2018-10-10.0094.fcs,1
52742.515999999996,1609.7051,2144.1343,72.1601,59.71827,RMM2018-10-10.0094.fcs,1
52966.835999999996,1023.9816,2942.256,38.04766,33.7,RMM2018-10-10.0094.fcs,1
53082.434,324.6748,2601.0244,39.455093,70.10069,RMM2018-10-10.0094.fcs,1
53795.902,1037.9688,2898.2048,49.690624,11.544260000000001,RMM2018-10-10.0094.fcs,1
53839.45,2541.2329999999997,2533.9339999999997,49.155025,33.09956,RMM2018-10-10.0094.fcs,1
54036.973,257.36252,2514.9436,32.77852,51.27899,RMM2018-10-10.0094.fcs,1
54205.44,123.10116000000001,4397.024,60.525837,11.344559,RMM2018-10-10.0094.fcs,1
54600.84,625.50226,3049.6345,20.256560999999998,-28.033052,RMM2018-10-10.0094.fcs,1
54708.633,2514.177,5192.5923,-0.92830753,60.56685,RMM2018-10-10.0094.fcs,1
55047.848,1024.9818,2015.7837,-19.268692,-36.4787,RMM2018-10-10.0094.fcs,1
55810.03,1271.7538,4296.318,11.948459,56.577705,RMM2018-10-10.0094.fcs,1
55992.64,1418.8108,4043.1059999999998,17.883688,-27.735885999999997,RMM2018-10-10.0094.fcs,1
56834.176,1464.8723,4494.733,38.268456,98.65318,RMM2018-10-10.0094.fcs,1
57196.996,298.67398,2243.2795,-13.786446,-42.38494,RMM2018-10-10.0094.fcs,1
57810.582,2044.4275,3325.574,-5.441535,14.231529,RMM2018-10-10.0094.fcs,1
58330.6,1259.2156,2164.4624,8.813894,19.09383,RMM2018-10-10.0094.fcs,1
58563.152,1946.6165,3405.8176,-4.838461,119.53782,RMM2018-10-10.0094.fcs,1
58877.504,1777.1963,4763.001,-4.265471,80.8737,RMM2018-10-10.0094.fcs,1
59015.758,1851.2367,4797.021,31.601048,53.526817,RMM2018-10-10.0094.fcs,1
60097.637,-7.567852499999999,2243.084,-22.473164,51.08538,RMM2018-10-10.0094.fcs,1
60594.324,1428.7913,3734.8787,16.77137,-6.080801999999999,RMM2018-10-10.0094.fcs,1
60787.008,963.4293,3975.7793,17.767626,93.82469,RMM2018-10-10.0094.fcs,1
60929.582,2182.7314,2422.2725,69.08719,50.43908,RMM2018-10-10.0094.fcs,1
61119.277,648.99316,3133.4159999999997,-17.545510999999998,76.75182,RMM2018-10-10.0094.fcs,1
61590.926,2283.3757,5743.2227,-13.360075,9.148157000000001,RMM2018-10-10.0094.fcs,1
62028.32,2307.343,5465.0063,-3.5385617999999996,88.541374,RMM2018-10-10.0094.fcs,1
62258.195,1594.5272,4084.9438,43.627613000000004,70.71998,RMM2018-10-10.0094.fcs,1
62409.42,322.19556,3195.9402,30.885868,13.939382,RMM2018-10-10.0094.fcs,1
62759.22,121.94653000000001,2044.1418,13.612598,78.49863,RMM2018-10-10.0094.fcs,1
62773.066,2387.619,3502.5737,0.68612313,32.338295,RMM2018-10-10.0094.fcs,1
63198.54,1318.9222,2316.8806,-19.145044,147.04555,RMM2018-10-10.0094.fcs,1
65264.234000000004,2799.7935,3912.6490000000003,-6.1397786,55.484375,RMM2018-10-10.0094.fcs,1
65313.395,1907.5515,5109.9346,-4.5249643,30.062012,RMM2018-10-10.0094.fcs,1
65440.562000000005,950.32635,2048.0747,-26.011003,-30.88542,RMM2018-10-10.0094.fcs,1
65448.297,991.9949,4684.039000000001,27.687416,27.26725,RMM2018-10-10.0094.fcs,1
65833.41,691.40283,2924.0332,-23.429489999999998,51.984584999999996,RMM2018-10-10.0094.fcs,1
65983.836,2345.4326,3184.0574,20.466316,26.161518,RMM2018-10-10.0094.fcs,1
66026.83,25.658363,2605.474,-17.79673,85.90058,RMM2018-10-10.0094.fcs,1
66249.125,1229.7515,2401.185,28.247162,80.53956600000001,RMM2018-10-10.0094.fcs,1
66265.52,2433.0325,4501.923,35.051495,83.60994000000001,RMM2018-10-10.0094.fcs,1
66301.22,784.9187599999999,2303.2495,81.67661,39.536559999999994,RMM2018-10-10.0094.fcs,1
66752.766,1371.1993,3224.2192,47.848915000000005,64.19893,RMM2018-10-10.0094.fcs,1
66994.3,2761.0032,2524.3323,-12.933061,113.261284,RMM2018-10-10.0094.fcs,1
67015.68,201.07675,5268.3013,56.817443999999995,57.542595,RMM2018-10-10.0094.fcs,1
67412.04,1253.1,2678.305,5.1871085,58.546684,RMM2018-10-10.0094.fcs,1
67437.516,2416.679,4157.847,49.933952000000005,-2.5626986,RMM2018-10-10.0094.fcs,1
67557.195,1674.737,3847.2966,28.417085999999998,63.799385,RMM2018-10-10.0094.fcs,1
68337.66,630.0061,2570.2244,23.89738,77.29529000000001,RMM2018-10-10.0094.fcs,1
68460.055,1638.7302,2192.0483,17.065216,27.3508,RMM2018-10-10.0094.fcs,1
68759.55,1497.6370000000002,2392.4587,26.832518,33.434803,RMM2018-10-10.0094.fcs,1
69090.33,2035.4523,4406.2,52.715973,-4.533628,RMM2018-10-10.0094.fcs,1
69120.45,299.40848,2917.1362,48.660843,39.54323,RMM2018-10-10.0094.fcs,1
69416.33,1148.5667,2143.4578,32.31415,-2.049986,RMM2018-10-10.0094.fcs,1
69687.85,1050.137,3494.0027,19.330574,36.58316,RMM2018-10-10.0094.fcs,1
69826.29,1062.8676,4564.6797,35.887245,15.88596,RMM2018-10-10.0094.fcs,1
70203.88,136.91525,3162.7527,32.91089,50.366337,RMM2018-10-10.0094.fcs,1
70501.71,53.926533,2379.8887,22.779532999999997,-7.614513400000001,RMM2018-10-10.0094.fcs,1
70556.48,2738.3559999999998,4956.1353,22.478897,91.89643000000001,RMM2018-10-10.0094.fcs,1
71933.58,1120.7949,4292.2393,-24.962431,55.17130699999999,RMM2018-10-10.0094.fcs,1
72294.516,310.5753,2527.6853,43.439296999999996,90.78251999999999,RMM2018-10-10.0094.fcs,1
72497.516,1121.4125,2572.0898,52.489452,-9.59924,RMM2018-10-10.0094.fcs,1
72792.49,1171.4288,3972.9202,10.364866000000001,95.93219,RMM2018-10-10.0094.fcs,1
73125.555,2655.349,3154.869,18.65985,44.78865,RMM2018-10-10.0094.fcs,1
73183.26,1127.4092,3042.1924,-14.910151999999998,59.02397,RMM2018-10-10.0094.fcs,1
74182.12,364.08878,6036.9214,49.283184000000006,23.390419,RMM2018-10-10.0094.fcs,1
74632.29,2605.3208,2456.6079999999997,14.547719,-17.621723,RMM2018-10-10.0094.fcs,1
74829.52,208.91222,2343.4407,34.50755,38.655384000000005,RMM2018-10-10.0094.fcs,1
74910.086,1213.8866,3781.4426,35.15724,35.24858,RMM2018-10-10.0094.fcs,1
75401.87,1649.4985,2034.1132,24.94875,49.894684000000005,RMM2018-10-10.0094.fcs,1
75417.28,2132.917,2997.9556,14.333051000000001,95.63778,RMM2018-10-10.0094.fcs,1
75717.91,685.77136,4415.4795,-24.342371,49.753113,RMM2018-10-10.0094.fcs,1
75724.32,539.7655599999999,1985.6271,-9.383656,125.95088,RMM2018-10-10.0094.fcs,1
75735.87,715.39935,2595.0793,-34.67492,9.716436999999999,RMM2018-10-10.0094.fcs,1
75799.59,1138.0992,4810.6720000000005,-8.015880000000001,115.69382,RMM2018-10-10.0094.fcs,1
77009.46,317.45285,2537.9468,16.288172,-29.795275,RMM2018-10-10.0094.fcs,1
77559.695,1412.4122,2226.151,0.70353746,59.885128,RMM2018-10-10.0094.fcs,1
77955.84,1465.0258,2361.5522,-42.041447,5.0865374,RMM2018-10-10.0094.fcs,1
78132.61,2026.9169,2549.4753,-43.634570000000004,-4.8222413,RMM2018-10-10.0094.fcs,1
79334.36,1543.7269,3391.6064,-4.2410555,32.689083000000004,RMM2018-10-10.0094.fcs,1
80222.305,440.97472999999997,2074.2024,12.577175,82.2217,RMM2018-10-10.0094.fcs,1
80312.4,1868.8599,2805.2622,14.351257999999998,16.35545,RMM2018-10-10.0094.fcs,1
80369.04,1479.8114,5214.0312,-25.545078,-34.352295,RMM2018-10-10.0094.fcs,1
80478.78,2601.2263,1960.0732,22.820377,60.617,RMM2018-10-10.0094.fcs,1
80575.52,525.3276,2409.7732,59.20408199999999,110.16063999999999,RMM2018-10-10.0094.fcs,1
80743.09,1935.7343,2742.0469,45.17133,23.612446,RMM2018-10-10.0094.fcs,1
81480.586,44.153107,2118.8345,42.705894,55.934666,RMM2018-10-10.0094.fcs,1
81504.91,1301.9911,3499.7185,7.9612229999999995,43.48774,RMM2018-10-10.0094.fcs,1
81814.25,51.997795,3913.0796,11.597926,-9.478699,RMM2018-10-10.0094.fcs,1
81955.26,1207.8865,2819.6090000000004,4.38129,74.01183,RMM2018-10-10.0094.fcs,1
81989.48,1138.5918,2082.9182,8.885902,45.554718,RMM2018-10-10.0094.fcs,1
83899.27,2370.5603,4449.4873,36.283604,71.263245,RMM2018-10-10.0094.fcs,1
84027.74,216.94887000000003,4568.248,7.2048216,99.362854,RMM2018-10-10.0094.fcs,1
84714.625,2342.0942,2530.4363,-2.9454477000000003,100.584526,RMM2018-10-10.0094.fcs,1
85560.78,709.3215,5142.914000000001,4.6639643,58.597995999999995,RMM2018-10-10.0094.fcs,1
85618.13,935.2292,4305.194,-2.1241950000000003,4.8921185,RMM2018-10-10.0094.fcs,1
85660.78,217.75763999999998,2373.3289,2.3452167999999998,-23.462208,RMM2018-10-10.0094.fcs,1
86319.86,700.51917,3606.3992,18.877382,39.451553000000004,RMM2018-10-10.0094.fcs,1
86659.29,75.8563,3708.8816,38.484947,7.9154553,RMM2018-10-10.0094.fcs,1
86877.734,1744.27,2596.6487,49.708508,72.07715999999999,RMM2018-10-10.0094.fcs,1
87939.91,410.31992,5806.5527,25.380186,48.23301,RMM2018-10-10.0094.fcs,1
88127.86,1920.3916,2122.2004,-3.82715,132.267,RMM2018-10-10.0094.fcs,1
89855.96,145.50517,2983.4473,15.505823000000001,121.38965,RMM2018-10-10.0094.fcs,1
89921.86,1630.1084,6138.325,-22.421902,26.21221,RMM2018-10-10.0094.fcs,1
90087.766,1980.5496,1984.3945,3.2789004,7.088883999999999,RMM2018-10-10.0094.fcs,1
90590.98,1491.3805,3303.1897,23.320695999999998,22.380417,RMM2018-10-10.0094.fcs,1
90831.555,119.31392,2305.8247,51.45797,75.07678,RMM2018-10-10.0094.fcs,1
91585.375,511.04745,2494.3586,-32.079433,63.149257999999996,RMM2018-10-10.0094.fcs,1
91844.82,947.8280599999999,2711.406,3.518889,35.873123,RMM2018-10-10.0094.fcs,1
92016.0,1069.6052,5767.308000000001,-10.777724000000001,-28.23055,RMM2018-10-10.0094.fcs,1
92739.63,505.65564000000006,3745.881,20.437447,84.91551,RMM2018-10-10.0094.fcs,1
92831.44,1227.5891,2613.8706,20.118376,17.49364,RMM2018-10-10.0094.fcs,1
93095.945,1627.1752,2510.3413,11.565161,-1.7970735,RMM2018-10-10.0094.fcs,1
93238.6,252.33900000000003,3127.7065,33.017376,72.65904,RMM2018-10-10.0094.fcs,1
94496.164,431.00565,4348.8555,-24.718020000000003,19.104612,RMM2018-10-10.0094.fcs,1
94583.29,1073.9199,3191.3635,37.501484000000005,25.506172,RMM2018-10-10.0094.fcs,1
94828.59,880.6755400000001,3892.4597,2.9035325000000003,81.20116,RMM2018-10-10.0094.fcs,1
94897.83,2475.52,3501.5093,46.26668,109.14236499999998,RMM2018-10-10.0094.fcs,1
95035.23,2096.0884,4912.8057,40.90763,67.925575,RMM2018-10-10.0094.fcs,1
95320.87,2735.8520000000003,3958.2114,-25.546051000000002,25.638668,RMM2018-10-10.0094.fcs,1
96316.984,709.8469,2966.0698,29.829247,17.01035,RMM2018-10-10.0094.fcs,1
96640.02,1532.5006,2202.3284,40.3245,-32.824646,RMM2018-10-10.0094.fcs,1
97158.984,712.1867,2299.0828,55.9001,67.09261,RMM2018-10-10.0094.fcs,1
97450.266,1273.2916,3093.9656,-0.052922725999999996,33.526053999999995,RMM2018-10-10.0094.fcs,1
98188.984,606.94617,5331.441,-26.397802000000002,81.51552,RMM2018-10-10.0094.fcs,1
98309.19,710.78204,2025.4281,-15.945639000000002,-23.23317,RMM2018-10-10.0094.fcs,1
98735.836,19.35065,2528.6335,13.860326,17.45348,RMM2018-10-10.0094.fcs,1
99189.25,2222.7585,5748.3164,17.84732,21.788649,RMM2018-10-10.0094.fcs,1
99202.305,271.14227,2480.6062,13.553033,47.317963,RMM2018-10-10.0094.fcs,1
100086.336,1443.6259,5725.5493,44.538715,18.252218,RMM2018-10-10.0094.fcs,1
100273.53,2029.0668,2006.1202,32.347313,109.08684,RMM2018-10-10.0094.fcs,1
100806.73,1111.3984,4919.825,0.042140484000000006,79.64825400000001,RMM2018-10-10.0094.fcs,1
100926.9,2252.4829999999997,2115.6777,16.721329,34.465958,RMM2018-10-10.0094.fcs,1
101731.766,118.57812,3420.0752,29.622629999999997,107.49471000000001,RMM2018-10-10.0094.fcs,1
101826.92,1018.3071,3453.2068,43.376793,16.170237,RMM2018-10-10.0094.fcs,1
102021.02,1821.854,4946.8896,47.594276,-18.425938000000002,RMM2018-10-10.0094.fcs,1
102060.79,-0.9387126,2198.087,54.178963,46.499527,RMM2018-10-10.0094.fcs,1
102149.47,1060.5771,2937.0247,29.27249,93.59747,RMM2018-10-10.0094.fcs,1
102290.5,1864.7201,2413.7603,-6.4096212,43.21779,RMM2018-10-10.0094.fcs,1
102360.64,1338.1805,2213.1252,13.859677,55.98,RMM2018-10-10.0094.fcs,1
102930.625,1902.5358,3486.9970000000003,57.270885,-13.989795999999998,RMM2018-10-10.0094.fcs,1
103002.18,155.02635,2662.094,60.36391,-11.672114,RMM2018-10-10.0094.fcs,1
103891.305,2156.5527,4307.802,-3.67582,139.44116,RMM2018-10-10.0094.fcs,1
103962.11,1.7512813999999999,3680.3320000000003,53.095,28.338048999999998,RMM2018-10-10.0094.fcs,1
103973.65,1348.4889,3786.6663,31.90237,53.718582,RMM2018-10-10.0094.fcs,1
104718.984,1897.5151,4531.9287,27.329319,41.333595,RMM2018-10-10.0094.fcs,1
105335.88,1016.9926,5043.2026,5.9556108,-10.123124,RMM2018-10-10.0094.fcs,1
105714.54,1031.3726,1969.1743,22.535284,73.45795,RMM2018-10-10.0094.fcs,1
105744.33,1289.3009,2263.7075,22.332962,50.98273,RMM2018-10-10.0094.fcs,1
105939.016,1409.8759,2930.671,39.024445,57.854397,RMM2018-10-10.0094.fcs,1
106256.6,1203.6318,4486.345,3.9266083,77.780396,RMM2018-10-10.0094.fcs,1
106431.32,2649.1428,2510.953,39.08658,161.24866,RMM2018-10-10.0094.fcs,1
106708.65,1073.0491,2798.3984,56.633324,-17.703283,RMM2018-10-10.0094.fcs,1
107125.16,1608.7513,2489.246,-29.802296000000002,-8.513214,RMM2018-10-10.0094.fcs,1
107147.8,1648.9724,3374.9414,0.9177363000000002,91.19698000000001,RMM2018-10-10.0094.fcs,1
107153.484,819.05615,1983.2747,-13.419767000000002,44.067535,RMM2018-10-10.0094.fcs,1
108301.66,2615.1196,2928.2990000000004,77.320786,33.961090000000006,RMM2018-10-10.0094.fcs,1
108746.21,1244.0728,2503.9734,-7.926669599999999,25.15778,RMM2018-10-10.0094.fcs,1
108838.78,863.1662,2135.6,26.321070000000002,-4.544386,RMM2018-10-10.0094.fcs,1
109113.84,1605.1595,2213.5225,19.616529999999997,86.48741,RMM2018-10-10.0094.fcs,1
109335.98,672.6292,2133.7131,2.8730267999999994,10.33964,RMM2018-10-10.0094.fcs,1
109425.77,1621.4524,2398.1987,6.9967175,130.58562,RMM2018-10-10.0094.fcs,1
109502.37,1942.0868,2042.0839999999998,-24.392075,8.9438095,RMM2018-10-10.0094.fcs,1
109623.78,572.22235,2532.9507,4.5850897,7.591111,RMM2018-10-10.0094.fcs,1
110090.2,1057.9293,2131.5537,-30.283866999999997,124.31361399999999,RMM2018-10-10.0094.fcs,1
110236.36,1039.0623,5056.0645,26.776647999999998,32.781513000000004,RMM2018-10-10.0094.fcs,1
111495.84,176.95744,2033.4346,44.072174,44.246520000000004,RMM2018-10-10.0094.fcs,1
112031.43,399.75647000000004,3681.6582,13.816467000000001,7.984388,RMM2018-10-10.0094.fcs,1
112061.44,143.07863,2204.7043,56.745082999999994,30.405379999999997,RMM2018-10-10.0094.fcs,1
112144.09,1498.182,2410.4072,30.199253000000002,23.415316,RMM2018-10-10.0094.fcs,1
112220.22,846.7414,4222.255999999999,-46.53445,4.332717,RMM2018-10-10.0094.fcs,1
113156.914,2418.1418,2474.009,2.2407098,28.428328000000004,RMM2018-10-10.0094.fcs,1
114020.06,1426.9725,3296.3936,13.645572,39.510796,RMM2018-10-10.0094.fcs,1
114805.41,1993.3135,2009.5052,40.67328,76.299126,RMM2018-10-10.0094.fcs,1
115268.18,504.21024000000006,2729.836,57.255386,29.585327000000003,RMM2018-10-10.0094.fcs,1
115465.43,547.1041,3686.6956,25.209587,30.352676000000002,RMM2018-10-10.0094.fcs,1
115512.12,1118.6821,2346.3545,51.832527,117.72859,RMM2018-10-10.0094.fcs,1
116380.69,654.6362,3876.7039,33.041385999999996,17.658125,RMM2018-10-10.0094.fcs,1
117247.375,565.0415,3353.4526,-61.266586,94.42153,RMM2018-10-10.0094.fcs,1
117309.68,434.32345999999995,2999.9893,-1.6271086000000001,126.82201,RMM2018-10-10.0094.fcs,1
117406.88,798.20746,3158.6199,-12.910808,57.32196999999999,RMM2018-10-10.0094.fcs,1
118004.1,1583.849,4265.112,8.007717999999999,37.78148,RMM2018-10-10.0094.fcs,1
118028.234,2746.1133,2520.292,41.580870000000004,11.626233000000001,RMM2018-10-10.0094.fcs,1
118089.6,615.2377,2800.2778,28.801483,29.632887,RMM2018-10-10.0094.fcs,1
118350.87,1399.1722,3355.4179999999997,31.607509999999998,-4.589675,RMM2018-10-10.0094.fcs,1
119152.03,1360.9954,2001.031,33.495758,11.781994000000001,RMM2018-10-10.0094.fcs,1
119390.54,1071.4781,2715.5515,13.4877615,-4.0328317,RMM2018-10-10.0094.fcs,1
119943.15,1333.4520000000002,2042.5483,26.610653000000003,-5.402737999999999,RMM2018-10-10.0094.fcs,1
120613.46,676.4867,2170.749,15.184473,19.523817,RMM2018-10-10.0094.fcs,1
120726.09,398.64862,3716.1213,-10.958342,20.524310999999997,RMM2018-10-10.0094.fcs,1
121332.19,1295.0088,2229.8362,-50.15484,-10.427303,RMM2018-10-10.0094.fcs,1
122105.4,1379.6014,2121.187,4.1831627000000005,149.66655,RMM2018-10-10.0094.fcs,1
122386.97,83.94718,2114.1633,37.966396,39.026226,RMM2018-10-10.0094.fcs,1
122565.78,783.24054,2311.7043,-5.3447385,20.1087,RMM2018-10-10.0094.fcs,1
122720.15,2462.3147,2052.5876,12.504578,52.471302,RMM2018-10-10.0094.fcs,1
122943.16,1366.0271,4417.968,-3.5136538,47.757427,RMM2018-10-10.0094.fcs,1
123501.17,114.141525,1972.8759,48.26125,1.8620023999999997,RMM2018-10-10.0094.fcs,1
123557.79,461.2289,2688.3884,41.37281,24.401626999999998,RMM2018-10-10.0094.fcs,1
124649.87,1760.9187,2489.7273,47.22701,52.4149,RMM2018-10-10.0094.fcs,1
125263.91,2089.7734,2267.3596,43.078083,34.471653,RMM2018-10-10.0094.fcs,1
126054.516,1105.9054,2276.8103,37.0846,6.865133999999999,RMM2018-10-10.0094.fcs,1
126077.89,1174.402,2937.554,10.581107000000001,20.042048,RMM2018-10-10.0094.fcs,1
126846.35,490.10773,5352.42,14.164852,-11.642525,RMM2018-10-10.0094.fcs,1
127042.69,1748.3381,2517.8708,-40.476746,79.13207,RMM2018-10-10.0094.fcs,1
127068.02,2668.6616,1974.9818,46.356632,13.550668,RMM2018-10-10.0094.fcs,1
127290.15,1687.7351,2225.4746,18.687555,80.74195,RMM2018-10-10.0094.fcs,1
127962.71,2386.3838,5031.472,46.31002,25.228613,RMM2018-10-10.0094.fcs,1
128036.484,1218.0851,3158.0012,57.336535999999995,43.8109,RMM2018-10-10.0094.fcs,1
128595.38,1015.08276,2801.9320000000002,-2.0570166000000003,-47.604958,RMM2018-10-10.0094.fcs,1
128833.984,2065.3379999999997,2589.1284,45.66938,-33.96079,RMM2018-10-10.0094.fcs,1
129298.13,1415.6914,2525.915,26.601715000000002,6.3893623,RMM2018-10-10.0094.fcs,1
129659.79,2779.153,3967.1597,69.99585,1.3485307,RMM2018-10-10.0094.fcs,1
129827.71,1862.66,2063.2595,9.020292,58.760693,RMM2018-10-10.0094.fcs,1
129993.68,2314.9749,2038.9481,42.566322,18.896547,RMM2018-10-10.0094.fcs,1
130019.05,1175.7845,3843.7273,54.153380000000006,-3.931886,RMM2018-10-10.0094.fcs,1
130606.81,146.72511,2108.2297,37.164284,6.097415,RMM2018-10-10.0094.fcs,1
131312.14,104.94611,3207.4468,57.128014,36.745575,RMM2018-10-10.0094.fcs,1
131894.67,1009.26825,4589.57,10.254719,43.5429,RMM2018-10-10.0094.fcs,1
132046.77,2797.347,3635.0498,34.99839,-40.62872,RMM2018-10-10.0094.fcs,1
132440.86,292.9278,2201.2317,33.408234,35.488673999999996,RMM2018-10-10.0094.fcs,1
133240.17,1122.086,6220.488,60.776222,52.41819,RMM2018-10-10.0094.fcs,1
133360.22,1612.8270000000002,3681.0613,20.634722,148.9815,RMM2018-10-10.0094.fcs,1
133430.61,1989.2762,2501.5823,46.728012,110.9133,RMM2018-10-10.0094.fcs,1
133843.08,110.32595,5764.8403,-17.668201,21.600225,RMM2018-10-10.0094.fcs,1
133988.55,781.91656,2890.0737,18.896175,7.0381503,RMM2018-10-10.0094.fcs,1
134180.5,1347.8629,2268.6692,-5.278370400000001,85.058426,RMM2018-10-10.0094.fcs,1
134284.53,1060.9241,3015.196,26.047285000000002,46.876095,RMM2018-10-10.0094.fcs,1
134808.69,1890.5482,2219.7935,-10.944422,-5.283186,RMM2018-10-10.0094.fcs,1
134855.17,1289.0089,2615.871,18.010975,67.198875,RMM2018-10-10.0094.fcs,1
134908.8,2801.3567,2043.7599,9.751648,-12.114037,RMM2018-10-10.0094.fcs,1
135680.0,1380.8954,2088.29,18.912725,45.339059999999996,RMM2018-10-10.0094.fcs,1
136740.28,1346.3151,3738.5564,37.823685,32.68034,RMM2018-10-10.0094.fcs,1
138818.25,1902.8463,4757.0264,74.515785,76.0271,RMM2018-10-10.0094.fcs,1
139900.98,1205.6403,5278.5825,6.02653,17.685764000000002,RMM2018-10-10.0094.fcs,1
140149.6,273.95135,2000.6744,-14.370013,37.513348,RMM2018-10-10.0094.fcs,1
140219.8,1252.7976,2696.9211,20.326977,52.346534999999996,RMM2018-10-10.0094.fcs,1
140721.16,2444.868,2403.1736,6.1576443,88.88280999999999,RMM2018-10-10.0094.fcs,1
141448.89,2386.7424,6280.174,-14.367285,-20.583876,RMM2018-10-10.0094.fcs,1
142182.8,698.4981700000001,2409.1108,-18.301476,59.5183,RMM2018-10-10.0094.fcs,1
142248.94,926.6291,3066.9324,-37.892920000000004,-40.537014,RMM2018-10-10.0094.fcs,1
142328.64,1165.4674,2306.2021,-3.4448936000000003,-24.26281,RMM2018-10-10.0094.fcs,1
142606.55,68.957924,2368.6936,18.19183,71.209755,RMM2018-10-10.0094.fcs,1
143428.53,2522.8235,2226.9917,-20.274223000000003,41.414158,RMM2018-10-10.0094.fcs,1
143463.16,1514.3865,3975.75,18.310205,46.073055,RMM2018-10-10.0094.fcs,1
143900.48,1010.61536,2687.4976,43.43155,6.3153744000000005,RMM2018-10-10.0094.fcs,1
144099.9,425.2175,2435.7368,76.86401,46.103374,RMM2018-10-10.0094.fcs,1
144440.06,1964.1085,2264.745,7.424571,0.25791085,RMM2018-10-10.0094.fcs,1
145002.75,2275.6482,6184.585,20.178314,121.43789,RMM2018-10-10.0094.fcs,1
145475.02,1968.8383,3191.0215,40.747787,26.992384,RMM2018-10-10.0094.fcs,1
145727.73,2446.363,2009.2096,-0.083706856,46.42013,RMM2018-10-10.0094.fcs,1
146147.22,460.05206,4829.0356,21.432318,58.806430000000006,RMM2018-10-10.0094.fcs,1
147905.66,1670.8228,2078.6792,63.030678,41.474194,RMM2018-10-10.0094.fcs,1
148183.61,443.94614,3368.1182,4.411671599999999,-3.2913659,RMM2018-10-10.0094.fcs,1
149224.52,1247.6261,3569.5632,-21.07258,12.479284,RMM2018-10-10.0094.fcs,1
149630.52,514.1412,1992.3120000000001,45.760483,-0.8496866,RMM2018-10-10.0094.fcs,1
149957.2,1191.7495,2765.7732,17.585365,18.527931,RMM2018-10-10.0094.fcs,1
151533.22,371.5873,5924.7104,16.971523,90.233795,RMM2018-10-10.0094.fcs,1
151550.6,244.94969,2473.2952,23.816837,61.704052000000004,RMM2018-10-10.0094.fcs,1
151646.52,2670.238,3303.572,10.7992,108.261375,RMM2018-10-10.0094.fcs,1
151890.03,241.36324,3278.6387,14.060692999999999,47.13905,RMM2018-10-10.0094.fcs,1
151961.67,138.72318,5757.9424,33.989246,63.944324,RMM2018-10-10.0094.fcs,1
152773.42,87.369675,3872.8484,-13.357578,-19.737385,RMM2018-10-10.0094.fcs,1
152952.16,609.36383,5259.066999999999,50.782463,56.26506800000001,RMM2018-10-10.0094.fcs,1
153293.19,926.60614,3319.0872,10.611808,43.525723,RMM2018-10-10.0094.fcs,1
153302.7,669.3775,1963.7269,42.14702,-3.3998604,RMM2018-10-10.0094.fcs,1
154542.58,756.6419999999999,4572.4917,-18.774048,-15.954244000000001,RMM2018-10-10.0094.fcs,1
154729.67,166.33252,2154.74,14.1431465,32.141094,RMM2018-10-10.0094.fcs,1
154941.81,1825.7720000000002,4456.657,16.117532999999998,80.34593000000001,RMM2018-10-10.0094.fcs,1
154989.06,144.18163,3715.2102,-16.239662,59.33165,RMM2018-10-10.0094.fcs,1
155014.19,196.70862,4255.3784,18.385084,45.91516,RMM2018-10-10.0094.fcs,1
156332.55,1952.8998,3374.737,27.996588,9.712572999999999,RMM2018-10-10.0094.fcs,1
156459.2,2700.6890000000003,3958.0725,-28.36792,105.273766,RMM2018-10-10.0094.fcs,1
156505.4,1188.5618,4765.268,27.335613000000002,-12.114566,RMM2018-10-10.0094.fcs,1
156717.64,1012.79626,4503.3447,49.72039,46.66883,RMM2018-10-10.0094.fcs,1
157157.77,2232.3628,2020.2454,55.64735400000001,75.685524,RMM2018-10-10.0094.fcs,1
157324.47,2146.7285,4478.589,24.680384,-48.553898,RMM2018-10-10.0094.fcs,1
157565.25,900.7312,2315.2896,11.55865,35.307346,RMM2018-10-10.0094.fcs,1
157587.73,1067.9366,3494.0137,58.575466000000006,24.433467999999998,RMM2018-10-10.0094.fcs,1
157640.1,2459.5913,2472.7110000000002,-1.5150037,100.17194,RMM2018-10-10.0094.fcs,1
158609.55,496.46494,2924.9893,-16.530801999999998,2.757803,RMM2018-10-10.0094.fcs,1
158640.31,1313.0347,3779.0170000000003,7.2397914000000005,10.862467,RMM2018-10-10.0094.fcs,1
159019.52,513.5482,3454.7993,-46.448284,9.403435,RMM2018-10-10.0094.fcs,1
159731.39,1680.9441,2731.4970000000003,58.545853,-21.6059,RMM2018-10-10.0094.fcs,1
160248.95,2158.0789,1993.4604,8.581873,40.044514,RMM2018-10-10.0094.fcs,1
160720.0,1599.7252,2079.0679999999998,28.952332000000002,54.623096,RMM2018-10-10.0094.fcs,1
161308.69,616.2785,2060.3872,55.402319999999996,35.12966,RMM2018-10-10.0094.fcs,1
162044.17,2312.2202,2610.3506,59.622555000000006,1.3194613000000002,RMM2018-10-10.0094.fcs,1
162493.75,107.45666999999999,2074.3193,30.656716999999997,57.86095,RMM2018-10-10.0094.fcs,1
162543.25,1240.4803,3391.6086,19.010154999999997,68.9581,RMM2018-10-10.0094.fcs,1
162597.69,2211.4766,3565.405,54.768035999999995,111.15428,RMM2018-10-10.0094.fcs,1
162628.7,1510.5863,2143.0676,17.103886,24.264145000000003,RMM2018-10-10.0094.fcs,1
163044.39,182.83235,2267.9905,47.320859999999996,29.6635,RMM2018-10-10.0094.fcs,1
163096.0,330.5211,3773.3914,14.616201,53.093967000000006,RMM2018-10-10.0094.fcs,1
163601.5,-18.784231,2815.784,17.771378,29.724527000000002,RMM2018-10-10.0094.fcs,1
163895.73,1878.3584,2913.3323,12.903413,30.143059,RMM2018-10-10.0094.fcs,1
163940.58,464.06854000000004,2041.3419,17.8295,88.5451,RMM2018-10-10.0094.fcs,1
164198.45,1168.0854,2038.4684,-17.115645999999998,77.22859,RMM2018-10-10.0094.fcs,1
164270.03,684.1216,2516.0027,10.430333000000001,4.1025095,RMM2018-10-10.0094.fcs,1
164367.9,1598.0444,2422.2126,3.3156567000000003,-50.877445,RMM2018-10-10.0094.fcs,1
164417.58,66.00008000000001,5482.5396,47.042320000000004,-70.84781,RMM2018-10-10.0094.fcs,1
165811.64,142.9303,3072.9507,9.499272999999999,32.667942,RMM2018-10-10.0094.fcs,1
165952.23,394.92728,4364.544,52.616383,50.924521999999996,RMM2018-10-10.0094.fcs,1
166383.66,244.07034,4730.024,-15.600894,29.873363,RMM2018-10-10.0094.fcs,1
166579.69,750.0229,2888.2507,84.07528,59.612915,RMM2018-10-10.0094.fcs,1
166737.4,163.607,4775.3296,28.066011,106.44596000000001,RMM2018-10-10.0094.fcs,1
167062.5,651.2602,4323.840999999999,54.07256999999999,115.412674,RMM2018-10-10.0094.fcs,1
167390.08,199.50633,2154.1084,6.694392,12.825194,RMM2018-10-10.0094.fcs,1
167954.5,-12.434315,2690.1892,46.210117,1.7351776,RMM2018-10-10.0094.fcs,1
168490.98,879.0845300000001,2091.4275,-18.146137,143.97037,RMM2018-10-10.0094.fcs,1
168511.31,2437.173,3589.6138,38.86807,59.40165,RMM2018-10-10.0094.fcs,1
168547.47,1736.2098,2594.411,14.700003,-5.843054,RMM2018-10-10.0094.fcs,1
168743.7,1686.3109,2257.7427,11.246884,-10.467880000000001,RMM2018-10-10.0094.fcs,1
168785.4,809.7062,2007.7743,-14.729532999999998,54.7473,RMM2018-10-10.0094.fcs,1
169441.2,1930.871,1979.3779,21.630928,67.25745,RMM2018-10-10.0094.fcs,1
169621.88,743.6285,2237.9348,27.566406,-5.770728,RMM2018-10-10.0094.fcs,1
170831.45,1016.1982,2221.7966,21.20508,39.830006,RMM2018-10-10.0094.fcs,1
170868.03,785.7112,2564.5347,16.959227,31.858421000000003,RMM2018-10-10.0094.fcs,1
171172.5,-18.92318,2584.6167,-12.090664,89.53362,RMM2018-10-10.0094.fcs,1
171451.4,500.50604000000004,2403.8276,41.374077,84.66559000000001,RMM2018-10-10.0094.fcs,1
172158.22,2486.3533,2702.5288,31.486615999999998,17.470917,RMM2018-10-10.0094.fcs,1
173017.62,1184.41,2388.6677,-10.633317,55.49434,RMM2018-10-10.0094.fcs,1
173120.47,749.41986,3322.1309,-24.81614,-9.603556,RMM2018-10-10.0094.fcs,1
173402.02,1168.2212,3792.255,30.09872,17.801907,RMM2018-10-10.0094.fcs,1
173678.6,1788.3052,2071.3008,15.345193,19.502810999999998,RMM2018-10-10.0094.fcs,1
174110.19,-30.595615000000002,2510.1965,50.649159999999995,64.473915,RMM2018-10-10.0094.fcs,1
174201.67,1237.0386,2184.6807,27.041760999999997,-4.6860704,RMM2018-10-10.0094.fcs,1
174250.98,1313.3787,2261.3228,15.253289,48.178740000000005,RMM2018-10-10.0094.fcs,1
174672.75,838.65814,5478.7817,-9.3163,86.63582,RMM2018-10-10.0094.fcs,1
174942.72,885.7859,2476.061,25.636475,19.774649,RMM2018-10-10.0094.fcs,1
175781.05,1045.2351,2331.4836,10.082588000000001,20.970207000000002,RMM2018-10-10.0094.fcs,1
175883.81,2096.0474,2598.575,-13.4131155,42.621959999999994,RMM2018-10-10.0094.fcs,1
176086.61,356.76984,2118.845,20.310379,37.618835,RMM2018-10-10.0094.fcs,1
176161.55,104.17549,2134.6626,35.39589,40.067562,RMM2018-10-10.0094.fcs,1
176924.77,919.17676,5461.859,28.655096,33.44512,RMM2018-10-10.0094.fcs,1
177522.61,663.1097,5716.8496,48.86042,83.477715,RMM2018-10-10.0094.fcs,1
178341.92,1654.1814,4906.9883,-27.083384999999996,115.71305,RMM2018-10-10.0094.fcs,1
178941.1,1693.1095,3690.843,29.477514000000003,-88.585144,RMM2018-10-10.0094.fcs,1
180278.52,64.32972,3380.768,2.070598,62.975519999999996,RMM2018-10-10.0094.fcs,1
180631.17,579.8179,4438.026,-11.931,88.79353,RMM2018-10-10.0094.fcs,1
180777.39,1052.9591,5245.531999999999,3.2337692000000002,62.8263,RMM2018-10-10.0094.fcs,1
181079.44,241.21067999999997,4700.266,-3.4864845,-5.8329377000000004,RMM2018-10-10.0094.fcs,1
181487.44,1145.3029,3552.8416,25.762897,26.841562,RMM2018-10-10.0094.fcs,1
182004.56,1013.9427,4938.018,34.126926,38.25405,RMM2018-10-10.0094.fcs,1
182192.44,181.55168,3069.2598,54.299873,18.270163,RMM2018-10-10.0094.fcs,1
182471.81,436.75027,3652.8516,5.035596,53.290592000000004,RMM2018-10-10.0094.fcs,1
183003.97,679.8424,4143.2983,46.741333000000004,58.814484,RMM2018-10-10.0094.fcs,1
183428.83,875.3438,2542.569,20.161098000000003,55.60934,RMM2018-10-10.0094.fcs,1
183880.33,2114.8862,2966.5583,30.477573,128.70587,RMM2018-10-10.0094.fcs,1
184462.4,592.9975,2651.7048,33.546215000000004,-20.592958,RMM2018-10-10.0094.fcs,1
184971.16,1601.7682,3877.3940000000002,1.4852775,52.177776,RMM2018-10-10.0094.fcs,1
185108.9,726.48004,2614.6910000000003,24.658325,76.908165,RMM2018-10-10.0094.fcs,1
185130.44,1148.6046,3299.9897,23.339348,0.06328940400000001,RMM2018-10-10.0094.fcs,1
185214.16,877.3696,3827.8384,18.389698000000003,83.04692,RMM2018-10-10.0094.fcs,1
185447.33,1785.6696,2756.7004,41.353027000000004,38.636806,RMM2018-10-10.0094.fcs,1
185743.67,1631.6396,4775.126,61.77791,-23.752048000000002,RMM2018-10-10.0094.fcs,1
185754.27,1994.1766,5125.2896,29.070686,39.83897,RMM2018-10-10.0094.fcs,1
185847.45,905.4664300000001,2722.7158,-5.528282,37.393085,RMM2018-10-10.0094.fcs,1
185893.81,441.76555999999994,2752.9065,-7.923686,32.306515000000005,RMM2018-10-10.0094.fcs,1
186728.23,120.59976999999999,3241.7932,25.35801,19.424908,RMM2018-10-10.0094.fcs,1
186789.9,1601.4829,2117.4558,24.934376,25.81573,RMM2018-10-10.0094.fcs,1
186856.2,571.84656,2468.9087,20.146915,-39.609035,RMM2018-10-10.0094.fcs,1
187043.89,2498.5029999999997,2540.781,49.27839,47.705612,RMM2018-10-10.0094.fcs,1
187096.06,2210.7605,3069.2705,32.474213,27.544968,RMM2018-10-10.0094.fcs,1
187256.38,335.1002,2114.2322,35.92745,74.00874,RMM2018-10-10.0094.fcs,1
187579.11,693.28937,4128.702,1.8401720000000001,33.843884,RMM2018-10-10.0094.fcs,1
187620.48,1892.1028,2073.1128,5.532133,36.340046,RMM2018-10-10.0094.fcs,1
188297.0,654.9046599999999,4840.7354,3.329224,4.1816454,RMM2018-10-10.0094.fcs,1
188325.73,557.8222,2016.3264,-10.307357000000001,58.790946999999996,RMM2018-10-10.0094.fcs,1
188387.42,2131.5571,2105.2874,15.976591,172.62695,RMM2018-10-10.0094.fcs,1
189033.17,1272.6051,5079.148,37.448563,108.5375,RMM2018-10-10.0094.fcs,1
190305.94,753.1571700000001,4714.4507,24.658125,77.11375,RMM2018-10-10.0094.fcs,1
190636.77,2065.2285,3534.2478,43.074177,38.133533,RMM2018-10-10.0094.fcs,1
190782.58,857.2015,2387.8032,3.8148842000000003,14.6651,RMM2018-10-10.0094.fcs,1
192169.62,1658.4468,5199.869000000001,2.2569895,48.30324,RMM2018-10-10.0094.fcs,1
192548.44,1078.2161,2542.2275,36.398711999999996,12.239428,RMM2018-10-10.0094.fcs,1
192751.48,455.3284,3948.58,5.412045,-29.219212,RMM2018-10-10.0094.fcs,1
193032.06,2167.5667,2476.4412,-17.607020000000002,18.112312,RMM2018-10-10.0094.fcs,1
193116.88,1187.6898,3903.2969,41.710125,40.6802,RMM2018-10-10.0094.fcs,1
193426.3,2116.74,2966.1934,34.498222,24.758314000000002,RMM2018-10-10.0094.fcs,1
193677.25,1077.8431,2016.2968,14.541812,33.989906,RMM2018-10-10.0094.fcs,1
194414.72,1155.285,3290.5994,60.082995999999994,73.124756,RMM2018-10-10.0094.fcs,1
195063.5,399.2364,4024.1597,39.667812,28.027315,RMM2018-10-10.0094.fcs,1
195680.36,1188.427,2995.7122,39.185966,-16.840122,RMM2018-10-10.0094.fcs,1
195683.98,513.2426,1964.1062,62.900417000000004,35.473377,RMM2018-10-10.0094.fcs,1
195713.34,-18.301023,3065.843,63.676373,65.25423,RMM2018-10-10.0094.fcs,1
196098.69,1210.8914,3168.6033,21.168762,62.928672999999996,RMM2018-10-10.0094.fcs,1
197216.48,2241.6372,2193.5745,8.622511,54.308406999999995,RMM2018-10-10.0094.fcs,1
198715.84,2035.5321,3456.6248,12.683873,34.071472,RMM2018-10-10.0094.fcs,1
199318.7,1083.6599,3787.7585,51.528954,52.864594,RMM2018-10-10.0094.fcs,1
199319.62,1629.5657,3470.2075,57.973553,10.675472000000001,RMM2018-10-10.0094.fcs,1
200504.44,567.5119599999999,3028.335,-17.26921,-40.459553,RMM2018-10-10.0094.fcs,1
201323.98,1509.9924,2149.6279999999997,41.154354,78.64403,RMM2018-10-10.0094.fcs,1
201404.58,1480.9557,2447.246,-1.3573713,36.12448,RMM2018-10-10.0094.fcs,1
201419.25,786.5418,3684.3843,-25.893808,40.191925,RMM2018-10-10.0094.fcs,1
202160.75,1436.2316,3277.8013,6.348775,111.03841399999999,RMM2018-10-10.0094.fcs,1
202360.45,890.2074,2534.7197,1.1001100000000001,52.273067,RMM2018-10-10.0094.fcs,1
202905.27,274.6336,2267.337,41.230637,145.82906,RMM2018-10-10.0094.fcs,1
203054.88,1771.6105,2238.798,-8.3987,35.512756,RMM2018-10-10.0094.fcs,1
203267.14,1782.4005,3890.5847,63.967262,-19.851988000000002,RMM2018-10-10.0094.fcs,1
203503.53,207.03432,2149.1639999999998,16.519901,30.122809999999998,RMM2018-10-10.0094.fcs,1
204450.67,108.0726,2524.306,63.196964,21.34763,RMM2018-10-10.0094.fcs,1
204743.23,1340.4296,4024.8113,48.309532,72.97485999999999,RMM2018-10-10.0094.fcs,1
205398.56,411.5321,3346.083,11.48049,45.60474,RMM2018-10-10.0094.fcs,1
205572.75,606.77026,2108.0437,26.198309,68.21502,RMM2018-10-10.0094.fcs,1
205616.14,1116.2351,2355.6138,33.253994,59.69836,RMM2018-10-10.0094.fcs,1
205688.05,2208.9414,2236.8936,19.852823,52.761948,RMM2018-10-10.0094.fcs,1
206112.55,1368.2273,3432.9302,18.378769000000002,57.382965000000006,RMM2018-10-10.0094.fcs,1
206236.81,543.9299,2801.414,2.1644502,41.381912,RMM2018-10-10.0094.fcs,1
206474.1,2552.8542,4007.5732,53.151832999999996,19.448519,RMM2018-10-10.0094.fcs,1
206569.9,1018.06116,4305.3047,10.038808,-24.012482000000002,RMM2018-10-10.0094.fcs,1
206794.3,236.2,2037.4873,11.55032,-46.046203999999996,RMM2018-10-10.0094.fcs,1
206869.97,1963.236,2414.611,33.229225,10.996151,RMM2018-10-10.0094.fcs,1
207215.72,441.0461,2456.5452,27.125443,122.25577,RMM2018-10-10.0094.fcs,1
207831.02,533.596,2565.013,57.983856,66.83066600000001,RMM2018-10-10.0094.fcs,1
209301.55,1610.2020000000002,3375.377,-27.155525,51.022038,RMM2018-10-10.0094.fcs,1
209938.38,405.84182999999996,3468.9067,-17.198315,70.54098,RMM2018-10-10.0094.fcs,1
210332.72,325.41626,4645.959,34.007233,-12.285302,RMM2018-10-10.0094.fcs,1
210492.61,503.43045,2789.45,28.437037,12.95744,RMM2018-10-10.0094.fcs,1
210884.77,194.04948000000002,4325.472,27.38128,62.47180600000001,RMM2018-10-10.0094.fcs,1
210974.47,1178.0321,2796.5664,12.112335,22.808073,RMM2018-10-10.0094.fcs,1
211442.28,1013.8086,2021.2787,44.30455,31.959175,RMM2018-10-10.0094.fcs,1
212327.62,133.11133999999998,1965.8057,20.4094,-47.771645,RMM2018-10-10.0094.fcs,1
212442.23,2060.5916,3530.8696,40.550358,0.31966472,RMM2018-10-10.0094.fcs,1
212465.66,228.82722,2309.2473,20.160679000000002,8.324938000000001,RMM2018-10-10.0094.fcs,1
212890.2,646.4094,3968.329,5.9638524,78.0376,RMM2018-10-10.0094.fcs,1
213354.75,1485.2972,4442.0527,31.197453000000003,-44.69842,RMM2018-10-10.0094.fcs,1
214297.1,1388.3306,5876.9966,25.523789999999998,24.706291,RMM2018-10-10.0094.fcs,1
214482.77,1949.5912,2272.1365,-14.071735999999998,74.124504,RMM2018-10-10.0094.fcs,1
215567.72,378.00446,2085.7102,5.340716400000001,14.6963825,RMM2018-10-10.0094.fcs,1
216436.9,1930.7555,2899.5344,13.398646,81.23999,RMM2018-10-10.0094.fcs,1
216684.72,232.96122999999997,1957.7402,23.224977,83.433266,RMM2018-10-10.0094.fcs,1
216795.58,2179.577,2600.8325,36.735867,-13.381457999999999,RMM2018-10-10.0094.fcs,1
216813.33,2326.2212,2928.8816,65.42111,-25.929413,RMM2018-10-10.0094.fcs,1
216978.58,868.8646,5730.6313,19.329287,-22.264479,RMM2018-10-10.0094.fcs,1
216988.78,965.39215,2352.5603,15.800854999999999,87.19445999999999,RMM2018-10-10.0094.fcs,1
217058.47,785.7083,3004.4531,22.110863000000002,104.484764,RMM2018-10-10.0094.fcs,1
217177.69,628.15674,2773.3323,25.711323,19.035383,RMM2018-10-10.0094.fcs,1
217359.86,2054.6079999999997,3062.5276,-2.2510285,-54.651157,RMM2018-10-10.0094.fcs,1
217364.1,2662.9770000000003,3549.2302,-25.594852,35.83527,RMM2018-10-10.0094.fcs,1
217746.73,1141.52,3417.4993,7.915433999999999,-9.263891000000001,RMM2018-10-10.0094.fcs,1
217853.2,702.1483,2437.5002,13.07582,101.412994,RMM2018-10-10.0094.fcs,1
218055.05,1995.7589,3389.6096,20.540665,-14.252394,RMM2018-10-10.0094.fcs,1
218241.89,2261.5908,5173.0996,45.18553,62.221092000000006,RMM2018-10-10.0094.fcs,1
218513.14,391.48287999999997,2756.1567,9.391928,17.213435999999998,RMM2018-10-10.0094.fcs,1
218805.11,1143.0347,2116.9875,41.448696000000005,38.792559999999995,RMM2018-10-10.0094.fcs,1
219482.75,1234.1254,3087.0609999999997,6.4972754,48.62709,RMM2018-10-10.0094.fcs,1
219848.97,432.26492,6291.7519999999995,-27.369040000000002,49.24971,RMM2018-10-10.0094.fcs,1
220112.14,488.8955,6288.9097,81.01567,28.890127000000003,RMM2018-10-10.0094.fcs,1
220831.14,233.89026,2290.4224,62.996269999999996,42.407627000000005,RMM2018-10-10.0094.fcs,1
221479.1,2170.0635,2037.5912,7.7405663,77.35588,RMM2018-10-10.0094.fcs,1
221689.86,535.9456,3055.2085,17.876812,9.97441,RMM2018-10-10.0094.fcs,1
221941.4,631.50287,2953.9148,34.91642,54.82963,RMM2018-10-10.0094.fcs,1
222055.62,1781.2986,3586.087,28.482044000000002,42.62883,RMM2018-10-10.0094.fcs,1
222670.12,2583.1992,5875.0015,-1.5601015,179.45023999999998,RMM2018-10-10.0094.fcs,1
223992.89,480.96135999999996,2179.1262,49.86007,-31.384290000000004,RMM2018-10-10.0094.fcs,1
224023.39,177.80098,3597.9436,34.57864,2.4231331000000003,RMM2018-10-10.0094.fcs,1
224203.83,1319.6522,2563.6943,-18.253142999999998,61.178672999999996,RMM2018-10-10.0094.fcs,1
225005.72,498.47565,2309.5015,-18.056988,53.674477,RMM2018-10-10.0094.fcs,1
225588.4,1656.4852,2695.6975,24.174843,84.179955,RMM2018-10-10.0094.fcs,1
226011.27,1005.2533,5295.193,46.186974,73.6303,RMM2018-10-10.0094.fcs,1
226021.52,1020.94556,3414.6929,61.664974,23.43434,RMM2018-10-10.0094.fcs,1
226099.55,1289.7908,2119.1274,55.50895,-14.364279000000002,RMM2018-10-10.0094.fcs,1
226115.84,51.19017,2950.5571,32.23198,-4.3459773,RMM2018-10-10.0094.fcs,1
226809.11,1490.0505,3599.5771,7.0806494,70.514824,RMM2018-10-10.0094.fcs,1
226828.44,967.8027300000001,4173.754,51.528824,146.05714,RMM2018-10-10.0094.fcs,1
227057.2,213.99382000000003,2260.6497,15.768204,-0.8875332,RMM2018-10-10.0094.fcs,1
227590.52,1275.0219,2943.5454,45.53713,30.910648,RMM2018-10-10.0094.fcs,1
227958.62,408.22137000000004,4351.1533,-11.000727000000001,-35.998886,RMM2018-10-10.0094.fcs,1
228100.48,314.839,3957.2798,-16.489489000000003,11.366442,RMM2018-10-10.0094.fcs,1
228997.28,298.8582,4351.678,48.107929999999996,20.598972,RMM2018-10-10.0094.fcs,1
229226.81,72.06915,2227.5366,20.705282,23.166553,RMM2018-10-10.0094.fcs,1
229347.11,1906.3126,5399.5933,34.873146000000006,5.480252,RMM2018-10-10.0094.fcs,1
229449.48,2138.124,2086.6255,18.021624,57.331447999999995,RMM2018-10-10.0094.fcs,1
230093.47,961.20105,2955.7454,16.423395000000003,33.414673,RMM2018-10-10.0094.fcs,1
230992.83,1395.3162,2170.3474,23.35351,-25.877844,RMM2018-10-10.0094.fcs,1
231146.61,1201.6603,2894.0107,3.0511732000000005,93.63271999999999,RMM2018-10-10.0094.fcs,1
231446.33,1528.0574,2849.2053,-1.8717521000000001,42.25618,RMM2018-10-10.0094.fcs,1
231755.06,819.6324,2287.3667,-56.281963,-11.248581,RMM2018-10-10.0094.fcs,1
232138.77,1836.2675,2152.8920000000003,22.222914000000003,42.364036999999996,RMM2018-10-10.0094.fcs,1
232158.95,771.0963,2830.4827,-19.825861,-9.699276,RMM2018-10-10.0094.fcs,1
232645.02,2023.4885,3356.0454,-27.249405,42.166004,RMM2018-10-10.0094.fcs,1
233137.2,2294.4812,2793.3088,28.423265,33.530933000000005,RMM2018-10-10.0094.fcs,1
233665.36,1501.6106,2139.448,19.092598000000002,34.01828,RMM2018-10-10.0094.fcs,1
234977.14,651.6949,3881.152,51.686370000000004,47.94386,RMM2018-10-10.0094.fcs,1
235967.75,443.90457000000004,2301.848,17.824545,-19.711554,RMM2018-10-10.0094.fcs,1
236479.88,2056.5774,2189.3247,1.669313,-28.898525,RMM2018-10-10.0094.fcs,1
237331.92,2284.1079999999997,2827.8499,46.618946,123.82265,RMM2018-10-10.0094.fcs,1
237375.36,2423.6907,3234.2095,-7.442878,49.416940000000004,RMM2018-10-10.0094.fcs,1
237853.5,1376.225,4316.3403,-34.155113,52.740497999999995,RMM2018-10-10.0094.fcs,1
238095.39,1410.7858,3698.2053,-24.255075,122.83398000000001,RMM2018-10-10.0094.fcs,1
238103.73,287.94156,5195.704000000001,-22.22302,143.36241,RMM2018-10-10.0094.fcs,1
238261.02,815.23663,2181.3665,4.1437654,50.478336,RMM2018-10-10.0094.fcs,1
238383.7,875.9069,2131.1567,24.947001999999998,68.66741,RMM2018-10-10.0094.fcs,1
239021.23,585.0677,4287.292,62.681045999999995,20.895893,RMM2018-10-10.0094.fcs,1
239827.39,2609.7808,2545.636,-4.124369000000001,0.13929701,RMM2018-10-10.0094.fcs,1
240133.69,-20.734426000000003,2111.4163,40.754734,61.342865,RMM2018-10-10.0094.fcs,1
241291.36,655.61285,2588.4321,2.4387654999999997,29.186255,RMM2018-10-10.0094.fcs,1
241339.53,967.3504,3302.9612,62.93428,25.281248,RMM2018-10-10.0094.fcs,1
241893.36,1104.9434,3442.7937,5.543786,36.986216999999996,RMM2018-10-10.0094.fcs,1
242216.38,1362.4095,3126.2554,-30.174661999999998,-37.025535999999995,RMM2018-10-10.0094.fcs,1
242771.67,725.0527,2075.1672,51.53966,-8.878485000000001,RMM2018-10-10.0094.fcs,1
242843.39,516.0921,3924.667,62.241165,112.909775,RMM2018-10-10.0094.fcs,1
243852.78,1446.7625,2103.8674,40.540257000000004,96.28759000000001,RMM2018-10-10.0094.fcs,1
244199.08,2349.4524,3622.618,12.979944,57.45205,RMM2018-10-10.0094.fcs,1
245186.56,18.975227,2435.8206,20.6039,-23.621368,RMM2018-10-10.0094.fcs,1
245235.97,2159.718,2021.3627,11.793295,88.891426,RMM2018-10-10.0094.fcs,1
245674.55,85.89246,2749.883,11.947739,-9.573894000000001,RMM2018-10-10.0094.fcs,1
245796.66,915.8246,4641.021,-7.789737700000001,87.223946,RMM2018-10-10.0094.fcs,1
245916.8,933.53955,3120.0696,5.519419999999999,-5.368334,RMM2018-10-10.0094.fcs,1
246506.28,147.02081,2032.2362,35.767759999999996,-33.58035,RMM2018-10-10.0094.fcs,1
246666.48,527.7293,3214.2812,34.275658,10.817505,RMM2018-10-10.0094.fcs,1
247182.88,243.5088,2201.322,26.69355,-21.396867999999998,RMM2018-10-10.0094.fcs,1
247185.58,-22.859299,3343.691,50.06374,36.558197,RMM2018-10-10.0094.fcs,1
247303.55,1679.6912,2332.9412,54.49233,5.4167356,RMM2018-10-10.0094.fcs,1
247629.81,1483.3972,3629.0244,34.409626,6.2766237,RMM2018-10-10.0094.fcs,1
248259.7,1475.0829,2159.275,21.962683,119.29338999999999,RMM2018-10-10.0094.fcs,1
248327.9,2634.8535,2902.3533,32.88382,40.27413,RMM2018-10-10.0094.fcs,1
248508.31,385.49199999999996,2186.8794,-1.2097731000000003,-30.35463,RMM2018-10-10.0094.fcs,1
249629.69,1613.5643,3298.3672,12.751722000000001,24.751213,RMM2018-10-10.0094.fcs,1
249714.47,1951.0220000000002,6216.076999999999,20.799557,130.27646000000001,RMM2018-10-10.0094.fcs,1
250647.22,33.2287,2351.5427,48.798134000000005,-8.120648,RMM2018-10-10.0094.fcs,1
250887.62,1166.6978,4147.7970000000005,40.198190000000004,74.00568,RMM2018-10-10.0094.fcs,1
251878.8,846.8503,2059.7644,-10.045111,-55.50195,RMM2018-10-10.0094.fcs,1
252091.19,1564.6455,2227.4219,55.994606000000005,95.37319000000001,RMM2018-10-10.0094.fcs,1
252749.3,284.32007000000004,4194.198,-6.127019000000001,101.48738,RMM2018-10-10.0094.fcs,1
252906.61,275.71448,2918.8408,26.84198,-2.1416502,RMM2018-10-10.0094.fcs,1
253124.89,2483.4895,2609.391,14.628461999999999,-71.74058000000001,RMM2018-10-10.0094.fcs,1
253329.84,340.5252,5249.6987,5.9814763,12.026334,RMM2018-10-10.0094.fcs,1
253548.16,189.19244,2590.8447,35.51955,82.108665,RMM2018-10-10.0094.fcs,1
253828.95,1646.3562,2527.2693,21.134135999999998,26.915471999999998,RMM2018-10-10.0094.fcs,1
253848.6,2183.865,2025.6726,13.466745000000001,82.54119,RMM2018-10-10.0094.fcs,1
254007.23,888.8388,2875.6155,24.038605,105.63088,RMM2018-10-10.0094.fcs,1
254039.89,1837.1938,2075.405,20.259007,105.59143,RMM2018-10-10.0094.fcs,1
254057.97,1335.7354,2045.3173,13.320011,49.352016,RMM2018-10-10.0094.fcs,1
254230.42,1966.4183,2503.7664,17.376568,-9.379908,RMM2018-10-10.0094.fcs,1
255332.67,204.45436,5795.187,-37.447371999999994,113.11425,RMM2018-10-10.0094.fcs,1
257592.56,383.24017000000003,2435.5337,-16.369776,-81.93008,RMM2018-10-10.0094.fcs,1
258140.8,1210.991,4702.4106,15.929827,132.52936,RMM2018-10-10.0094.fcs,1
258159.69,2321.1372,4979.492,10.843376,-8.320641,RMM2018-10-10.0094.fcs,1
258271.02,41.199482,5275.5986,-22.06221,147.60825,RMM2018-10-10.0094.fcs,1
259141.56,529.6626,2212.8577,37.19161,43.372036,RMM2018-10-10.0094.fcs,1
260041.77,2418.9827,4280.0435,53.18906,60.981075,RMM2018-10-10.0094.fcs,1
260410.1,1668.5337,3063.0522,27.179268,59.214413,RMM2018-10-10.0094.fcs,1
261516.0,2653.0928,3136.2708,-11.349667,30.757305,RMM2018-10-10.0094.fcs,1
261622.55,926.9785,2592.8562,11.080276,75.246216,RMM2018-10-10.0094.fcs,1
261682.44,622.40015,3528.9546,35.248203000000004,-38.854915999999996,RMM2018-10-10.0094.fcs,1
262048.27,428.21518,2154.1514,55.549969999999995,32.86417,RMM2018-10-10.0094.fcs,1
262143.97,1811.4741,4138.913,37.949946999999995,38.918690000000005,RMM2018-10-10.0094.fcs,1
